F1;F2;F3;F4
556;500;590;565
572;459;621;565
588;504;617;606
531;510;561;566
571;547;584;522
577;523;604;552
578;487;628;558
571;523;629;582
507;522;577;568
533;538;593;529
557;544;605;541
570;507;631;551
603;537;653;581
550;532;598;570
549;537;610;515
564;545;625;527
563;492;635;536
589;525;662;548
546;540;602;535
528;554;594;504
563;571;606;536
566;509;607;543
593;519;629;565
548;519;576;574
532;524;553;524
562;545;578;548
557;491;581;558
588;482;618;574
571;507;602;593
539;508;576;544
558;560;599;550
566;527;589;559
585;495;624;574
567;507;615;607
514;510;577;546
557;547;624;532
560;512;597;569
559;471;608;560
566;508;602;590
524;512;548;565
550;539;582;548
560;518;598;572
586;483;608;559
595;510;617;601
545;512;562;573
554;540;575;533
570;532;584;553
580;460;593;566
592;489;607;589
542;501;539;569
553;500;554;534
571;493;590;566
582;443;587;564
601;465;608;571
554;492;559;577
544;500;553;551
571;530;586;566
574;477;590;581
608;486;610;595
563;498;559;589
537;499;545;542
568;528;567;556
572;485;560;570
599;472;601;567
576;500;563;590
532;496;535;533
559;538;567;541
573;508;565;558
608;487;583;569
580;508;579;597
531;503;537;542
551;543;567;526
559;529;563;554
594;477;580;563
579;486;579;590
525;475;521;556
551;512;530;516
567;477;544;543
581;432;560;548
604;473;560;589
564;462;511;550
578;482;531;529
608;499;528;564
602;434;539;561
623;446;559;581
558;465;498;556
537;476;505;514
570;489;524;535
561;444;533;540
592;457;559;545
561;458;510;553
553;446;494;515
580;476;516;517
595;430;517;520
625;436;536;537
589;458;499;552
561;458;470;512
591;482;485;519
594;442;492;537
611;416;533;555
589;437;506;574
552;439;467;523
583;463;503;537
567;427;500;548
591;401;525;548
576;433;508;599
532;424;444;541
561;464;461;518
569;450;467;546
590;412;495;537
589;446;484;562
532;453;436;545
554;465;474;517
565;454;491;546
572;411;501;547
577;434;514;570
511;437;460;562
522;466;471;521
562;471;475;561
553;398;476;575
561;440;498;592
523;445;435;592
519;451;444;559
545;469;462;594
555;417;467;605
585;428;506;609
525;427;458;611
527;416;435;560
563;446;452;572
558;405;456;582
602;396;475;587
588;416;434;585
561;403;392;537
595;437;421;557
619;399;422;565
647;378;458;579
620;426;423;612
564;429;373;565
596;460;409;562
598;447;427;579
613;412;460;580
604;455;454;605
546;454;399;553
572;474;436;528
590;454;422;551
611;413;440;532
617;456;430;567
550;461;347;548
567;485;346;529
564;485;334;556
570;433;316;550
574;457;314;589
525;456;244;573
551;464;224;548
583;477;218;582
590;416;229;587
609;431;251;606
562;439;194;588
571;455;184;528
596;462;196;565
616;405;197;573
637;410;235;579
586;441;206;587
565;436;192;546
596;463;217;569
599;427;232;571
614;416;281;586
582;425;266;597
534;431;242;545
574;450;294;559
572;416;300;574
583;402;325;583
563;437;298;607
523;442;252;556
557;480;288;550
562;463;302;582
579;422;347;587
596;466;360;615
549;476;312;583
570;498;348;552
576;470;368;583
591;412;391;594
605;444;407;636
561;472;338;589
585;481;373;563
607;466;387;599
595;427;395;601
613;459;412;613
575;478;361;614
572;503;361;557
589;527;382;580
596;472;406;583
619;481;440;615
566;497;402;604
557;523;402;554
588;551;423;580
606;494;422;582
600;485;467;588
554;513;433;605
534;520;416;556
582;551;465;572
592;499;468;581
621;481;514;599
602;507;484;616
544;499;448;573
585;526;467;580
584;491;479;597
588;464;502;602
567;494;477;623
531;482;426;592
561;525;450;573
572;500;448;595
607;457;461;608
608;471;461;641
556;474;394;610
578;489;423;594
602;458;426;619
613;395;435;634
624;409;444;656
570;404;384;625
580;421;404;608
600;411;423;638
611;347;433;638
618;369;457;672
564;376;410;649
563;389;410;596
582;392;423;624
585;347;440;635
610;345;481;649
553;350;430;636
540;352;409;583
583;370;445;607
588;334;445;613
595;346;475;629
558;366;430;639
524;375;404;600
560;414;430;614
570;368;418;621
604;364;454;642
585;388;429;663
552;394;380;606
578;450;410;612
572;413;414;624
597;368;435;611
588;380;429;641
536;403;377;610
558;441;402;597
573;423;401;619
582;388;423;626
582;424;440;673
534;438;388;628
546;469;402;603
568;458;412;624
589;393;424;631
611;412;450;657
563;438;396;625
572;463;406;573
597;460;430;599
593;411;442;608
623;437;474;616
565;452;431;591
563;453;426;545
582;475;459;576
580;436;472;591
611;458;496;592
573;489;445;594
545;502;425;549
565;537;452;597
557;486;460;586
604;476;489;604
562;497;457;622
521;506;421;561
547;529;445;571
575;496;447;593
613;481;476;591
589;482;464;613
550;486;416;563
580;518;435;561
579;485;437;567
610;454;460;574
606;481;460;594
555;485;418;549
578;526;435;543
567;492;451;568
587;449;470;573
573;473;485;596
524;459;434;554
545;486;462;525
567;497;473;557
585;445;489;557
590;484;496;587
553;489;441;572
576;499;455;534
581;515;469;567
574;478;473;573
589;487;496;597
551;517;446;578
538;525;445;526
561;534;477;542
555;495;472;561
587;492;498;573
546;507;465;588
522;513;430;529
549;542;444;544
550;485;439;552
566;476;476;565
542;496;447;578
520;478;403;529
536;502;426;544
544;461;426;571
585;442;462;587
571;473;452;616
531;456;411;573
575;482;439;577
585;455;447;592
596;422;466;573
585;452;455;618
538;468;402;556
561;504;434;540
560;495;448;563
594;455;471;549
602;488;477;603
540;499;415;561
556;517;430;540
549;509;444;577
557;448;435;570
582;465;433;580
553;499;384;559
555;522;382;521
579;530;399;552
603;477;411;552
621;476;448;569
572;491;400;560
560;500;389;513
574;498;431;543
573;447;431;554
592;440;436;574
550;457;392;581
513;454;365;530
552;476;384;563
555;441;383;566
584;427;425;577
545;457;410;600
526;463;368;557
563;498;407;551
559;458;431;568
569;422;459;559
547;461;449;588
493;459;377;522
520;488;418;523
529;468;433;538
558;441;450;566
551;474;454;600
483;480;403;562
518;500;429;569
536;498;427;604
548;436;440;607
539;468;452;649
495;469;392;611
516;485;397;570
533;473;426;583
547;414;432;582
562;421;454;601
527;428;399;584
529;441;397;526
565;462;411;547
578;392;422;557
595;394;461;586
541;409;412;574
531;416;409;521
562;459;431;562
544;406;427;566
568;409;459;585
543;432;427;571
516;433;398;531
547;469;421;551
540;427;435;549
573;411;468;568
553;449;454;581
503;453;409;531
535;492;438;530
535;464;439;546
560;425;467;549
547;450;445;577
504;455;386;535
535;481;420;534
546;468;426;563
579;419;443;556
571;456;455;588
530;444;390;550
554;468;410;527
561;453;428;565
581;404;439;568
594;440;451;600
543;447;411;570
552;466;419;533
569;472;443;565
579;409;452;580
601;427;480;589
556;434;423;549
545;445;411;514
568;460;441;539
572;408;452;538
594;410;481;559
537;437;439;563
512;433;415;506
543;470;444;536
546;399;431;541
564;396;468;565
517;405;428;574
504;411;396;503
538;442;424;525
542;417;435;547
573;372;469;561
542;392;455;581
512;406;395;527
555;436;428;533
572;428;429;562
585;395;458;565
569;442;463;594
529;441;422;538
561;468;456;527
572;466;481;559
601;418;504;553
598;440;524;593
535;459;480;561
544;491;484;530
556;479;497;558
562;415;501;561
567;442;511;582
512;444;454;556
528;459;444;515
545;455;456;554
554;404;458;556
572;404;484;585
532;400;431;569
528;390;413;514
544;417;429;533
538;365;437;544
571;364;462;565
525;385;425;560
495;390;400;520
524;420;431;553
523;375;440;564
551;361;473;572
524;384;448;580
508;390;407;536
518;439;437;549
525;406;443;554
547;385;460;566
507;418;459;573
482;445;416;518
522;469;440;517
541;468;442;545
563;436;464;539
555;446;483;561
488;441;418;523
519;466;441;505
532;454;447;540
542;379;472;555
550;411;483;592
499;419;435;568
525;447;444;534
546;440;461;553
557;382;469;544
570;405;488;567
516;413;429;531
521;423;442;478
539;432;469;509
539;373;459;509
555;377;481;522
524;389;422;505
504;402;398;463
519;432;430;483
534;372;433;486
562;363;457;509
511;380;430;524
502;393;404;478
525;419;446;497
525;372;457;491
550;361;484;498
513;386;468;512
482;384;421;455
509;422;461;473
513;398;460;495
542;366;490;504
526;385;485;529
485;395;441;486
516;427;472;488
530;411;474;514
547;364;492;531
543;392;497;559
491;393;433;515
520;415;457;495
537;406;476;533
572;357;480;523
564;390;502;557
507;402;442;522
529;415;456;482
535;424;469;511
540;364;464;512
570;392;493;545
519;401;446;527
527;408;422;494
538;426;445;522
538;384;453;528
567;384;483;558
512;422;444;550
495;426;418;513
513;440;462;549
522;385;470;538
553;384;503;571
515;427;478;576
495;416;434;514
523;433;466;526
529;388;459;540
572;375;476;535
537;408;473;541
508;414;417;497
534;439;452;518
541;403;478;537
568;376;505;534
542;417;492;553
478;425;433;502
514;452;438;507
528;442;458;510
542;402;480;511
537;421;487;559
479;429;417;525
510;441;439;512
542;439;450;520
555;393;466;511
582;421;484;538
525;433;432;496
541;447;446;456
560;451;472;493
564;401;461;496
583;414;490;538
524;413;452;532
519;427;427;484
547;448;452;505
534;403;451;515
573;398;485;535
523;415;460;525
513;427;442;485
534;450;466;504
535;405;467;521
551;407;489;540
528;453;470;543
503;447;433;495
520;487;470;512
528;450;482;532
554;428;492;532
533;459;487;542
490;461;436;486
521;495;469;489
524;458;457;510
537;419;467;507
523;454;462;526
476;454;407;480
529;477;432;475
551;466;441;496
579;417;455;499
584;436;477;520
532;438;431;488
543;452;453;479
549;445;476;501
563;409;488;490
593;430;505;514
534;429;432;488
544;444;432;461
559;455;463;488
561;412;472;480
586;410;504;518
547;428;454;500
536;428;443;455
539;464;469;479
542;417;457;501
569;408;482;525
527;427;451;506
518;437;435;473
540;472;447;508
544;429;449;509
575;431;470;530
538;458;451;525
505;455;402;472
544;482;442;495
533;440;457;514
558;413;484;534
541;444;465;555
505;441;405;513
533;468;425;536
548;432;448;557
567;398;457;564
575;433;481;586
523;438;420;533
553;476;445;520
568;469;462;544
581;427;485;543
565;459;491;562
516;466;444;518
547;494;457;488
561;491;470;514
562;426;472;502
562;442;497;529
502;451;450;498
513;477;435;461
519;497;454;507
517;430;460;513
541;425;488;539
492;442;444;534
497;445;424;485
502;474;466;514
513;423;469;526
539;402;494;547
487;430;469;541
472;449;421;488
501;468;457;512
498;425;463;523
536;393;493;527
503;427;472;539
473;437;414;487
516;479;452;505
526;454;450;524
538;426;478;526
519;468;473;545
488;464;395;506
507;486;409;508
525;468;434;528
553;435;457;528
545;476;459;561
498;483;392;520
526;504;419;508
554;508;442;529
564;468;459;529
563;497;483;551
507;490;425;527
534;501;436;491
553;514;444;521
552;467;449;524
560;464;478;548
514;491;434;522
536;504;431;489
536;519;451;533
546;447;453;530
568;443;492;524
517;455;458;512
500;461;440;472
515;500;481;502
518;453;490;516
547;459;541;530
504;481;531;529
477;483;496;495
505;515;534;520
522;487;543;514
552;452;562;533
517;479;542;556
484;484;472;498
513;502;489;506
510;493;494;528
541;453;519;527
536;475;526;565
480;492;475;521
509;522;490;514
520;489;495;531
547;449;521;531
556;479;528;556
489;484;474;514
507;496;485;494
516;489;500;517
524;442;501;528
535;462;523;559
495;459;472;528
506;482;470;512
495;496;496;548
504;448;488;527
521;458;517;554
477;476;467;528
475;487;449;493
480;506;479;520
492;457;481;516
516;453;523;534
469;478;467;529
468;483;448;479
497;503;477;505
485;463;471;513
536;443;516;525
487;468;494;533
461;489;446;480
495;519;470;497
493;485;470;519
525;479;495;530
497;515;484;557
477;512;435;503
506;551;457;505
506;537;469;505
527;490;497;513
528;515;498;539
477;517;437;508
513;538;459;501
510;520;476;524
533;465;496;528
539;492;508;559
478;508;451;515
499;520;473;493
507;525;503;506
518;475;508;512
539;494;532;544
498;486;480;517
494;503;469;467
498;519;487;481
528;462;478;492
555;477;511;530
500;500;482;509
501;508;467;470
509;525;492;504
496;487;495;503
520;482;533;511
479;499;510;511
477;493;460;469
497;518;479;496
487;467;497;488
529;449;516;504
495;465;487;514
475;468;436;468
509;505;479;483
501;475;490;497
517;454;509;491
502;497;508;505
455;501;434;462
491;518;467;465
497;508;471;476
532;476;483;485
516;502;498;520
468;494;443;477
494;513;459;466
507;511;479;496
536;458;485;495
531;487;515;524
485;508;467;484
515;538;473;465
536;551;510;491
560;487;509;489
557;516;537;518
502;538;487;497
513;521;467;461
532;527;487;488
540;477;477;494
556;492;519;530
498;501;481;511
479;494;459;455
497;526;471;490
520;485;457;505
563;495;476;545
504;515;445;511
486;510;406;452
497;543;449;492
501;489;454;506
539;464;493;518
479;493;475;527
440;507;428;469
466;559;461;494
455;524;465;507
472;483;491;522
442;511;502;549
392;515;431;503
417;560;452;505
404;539;478;530
423;483;499;526
426;512;517;552
373;529;458;513
388;552;460;495
404;549;467;513
422;505;480;518
423;535;512;544
357;535;439;512
400;558;431;492
426;571;455;515
431;503;465;515
437;517;508;534
384;535;464;522
393;548;441;481
414;569;474;506
425;517;472;516
471;507;494;549
434;529;461;532
435;540;424;490
464;566;440;534
467;538;445;525
497;516;483;537
465;529;457;536
434;525;407;500
465;563;441;520
475;538;437;532
497;497;464;552
462;525;450;552
442;529;398;492
475;557;427;528
478;533;457;539
501;487;475;531
487;514;475;546
447;517;426;500
482;558;440;491
483;545;453;509
511;514;476;507
505;549;502;526
455;551;442;489
475;580;449;482
480;586;459;498
489;534;466;501
490;549;493;520
435;551;441;493
467;558;441;473
482;580;473;493
494;525;470;491
501;551;497;523
447;552;448;500
451;548;433;459
481;575;445;483
504;524;449;494
520;511;495;523
476;525;473;515
459;524;420;464
472;551;448;494
470;514;452;513
495;503;496;514
460;512;492;515
435;521;443;458
469;565;472;492
467;532;461;508
494;509;483;521
476;533;475;554
433;537;422;511
449;585;452;541
450;572;457;559
483;507;482;556
462;546;485;592
421;548;424;528
445;581;440;504
455;575;451;519
473;529;472;521
471;559;483;541
415;559;431;498
449;569;445;481
460;583;470;506
474;536;466;498
480;542;493;517
429;551;454;481
448;571;434;451
468;580;464;493
479;522;459;497
510;526;495;517
457;529;465;506
456;541;439;474
472;559;473;510
475;509;484;513
499;515;515;531
449;535;485;523
435;537;443;477
464;570;482;505
470;538;494;510
494;525;517;524
435;557;494;538
423;551;444;479
438;594;471;496
439;567;480;523
479;532;498;530
445;560;504;550
400;534;442;498
449;560;459;510
439;568;464;525
468;523;489;530
451;558;507;560
395;568;457;519
437;574;475;506
463;565;507;515
479;527;536;526
486;545;575;549
424;558;529;508
450;571;531;498
470;581;567;521
486;519;556;513
490;546;569;549
424;554;517;528
423;573;490;501
434;588;509;537
439;531;501;536
467;547;532;577
431;568;502;555
404;567;459;508
433;602;503;540
435;559;509;547
468;534;538;577
414;555;516;567
411;551;477;492
429;584;499;526
424;542;495;533
447;537;529;531
422;563;520;537
396;581;466;490
427;604;483;514
447;571;489;521
486;540;506;522
480;585;491;555
435;587;437;518
471;613;458;532
473;610;473;535
500;565;489;548
503;587;504;582
459;585;443;533
485;595;460;522
512;581;473;536
533;537;482;530
521;564;505;571
459;577;450;521
483;592;432;505
484;610;451;529
502;550;460;546
519;555;497;572
467;581;482;529
463;573;452;483
488;588;480;522
503;541;475;533
519;545;503;561
457;559;456;526
456;570;430;497
483;605;467;525
492;547;475;516
521;537;518;542
476;546;500;546
450;538;448;504
482;573;483;534
487;532;490;534
533;498;514;539
497;540;506;551
455;555;452;505
489;604;463;535
478;598;465;544
518;572;490;539
499;580;507;551
423;588;449;498
455;616;471;517
491;610;488;530
516;557;497;523
508;580;515;554
449;578;461;512
478;590;453;486
496;596;482;525
516;532;498;530
526;543;526;563
478;554;483;515
499;559;482;492
510;586;507;524
527;538;526;514
546;545;541;553
497;553;507;531
486;562;476;508
493;588;496;543
482;546;499;543
512;534;538;564
473;559;519;548
457;567;476;505
488;605;515;532
499;569;521;536
528;554;540;554
503;569;530;559
485;574;487;513
524;613;520;522
541;574;524;533
578;543;534;557
549;578;514;554
510;580;465;498
538;613;500;506
535;601;510;520
549;554;522;511
536;565;540;550
494;580;492;509
522;611;511;509
528;605;512;523
555;552;507;523
545;588;528;564
504;571;479;515
523;585;473;502
532;602;504;524
543;545;503;528
546;552;540;561
485;567;490;533
495;576;483;515
510;607;516;536
512;561;517;545
533;570;537;572
477;593;508;549
479;600;478;513
494;642;516;541
494;587;520;537
520;578;554;554
469;603;530;537
453;603;491;490
480;633;525;515
486;592;525;521
513;568;543;535
479;590;523;543
461;608;478;488
485;627;505;516
489;601;513;526
530;557;530;534
509;593;530;551
465;590;472;503
517;603;493;515
518;583;502;531
549;550;512;535
548;574;526;565
509;572;470;513
535;603;484;513
534;608;508;529
552;554;512;520
551;592;538;535
489;616;485;491
528;625;480;474
538;627;506;508
553;579;505;521
571;612;530;558
525;629;473;521
525;623;460;499
536;640;503;528
537;577;499;534
565;576;530;544
519;589;511;523
525;590;473;489
544;613;502;509
540;561;514;525
580;557;548;539
541;585;519;530
514;585;473;484
540;611;509;506
535;583;504;509
572;562;542;535
532;611;529;529
499;619;475;478
531;651;496;500
531;623;499;510
572;582;512;522
544;606;518;535
508;588;454;489
541;595;471;492
543;582;490;501
545;536;497;498
560;564;520;529
507;574;477;480
527;605;483;468
525;614;511;475
530;552;513;476
527;578;551;502
473;580;500;469
495;591;480;465
502;601;509;493
520;538;512;507
541;541;563;546
494;558;529;509
508;566;500;479
525;589;540;520
520;541;538;509
545;528;562;529
492;555;527;509
486;558;483;475
512;580;507;501
509;549;511;502
526;551;531;526
493;577;514;529
477;571;469;500
508;599;491;522
510;572;496;534
545;543;514;548
514;567;509;544
487;563;462;488
507;585;488;497
503;556;488;486
528;515;523;496
517;548;524;519
467;547;472;463
492;561;483;476
514;551;494;496
533;507;509;485
520;532;545;524
474;536;492;487
470;561;483;473
481;574;504;485
495;528;508;478
520;546;543;508
469;549;493;474
473;570;488;464
492;593;517;491
488;543;511;491
501;547;554;521
458;564;514;508
459;568;482;477
475;590;519;502
478;542;518;496
494;541;540;523
442;553;508;509
453;548;441;469
473;602;459;498
474;555;458;494
513;515;487;516
466;539;470;507
432;552;416;461
469;589;428;486
470;543;431;482
510;529;428;494
473;550;422;516
435;562;360;464
473;588;348;493
480;567;347;516
514;515;345;534
501;550;336;542
446;549;265;480
471;586;272;479
473;580;297;506
497;507;300;512
494;538;341;529
448;545;301;498
468;560;313;487
471;575;347;522
494;526;351;518
500;544;391;516
435;546;356;491
445;549;338;473
473;575;382;510
485;518;402;512
517;532;414;551
459;553;384;527
464;556;368;499
483;586;405;519
483;540;404;518
524;536;435;537
475;552;433;531
459;543;399;490
488;581;432;529
487;539;444;533
507;514;485;558
477;539;480;551
446;547;423;525
469;571;438;551
476;528;459;565
509;492;467;575
485;524;477;583
444;536;433;541
476;555;455;558
487;547;470;568
512;496;487;565
507;512;522;567
454;513;463;524
494;555;462;533
507;545;488;529
523;482;499;524
512;501;521;556
466;506;480;506
497;521;471;506
501;539;505;529
514;486;522;524
540;511;555;548
472;516;512;508
490;522;481;488
518;536;537;516
516;506;536;501
533;507;568;524
476;512;553;494
470;517;499;463
494;552;536;488
498;514;553;495
527;495;591;520
466;510;591;516
444;505;521;478
468;531;553;494
463;500;569;504
502;485;577;525
477;511;565;520
455;523;500;481
494;555;521;503
510;538;526;511
540;511;532;526
506;555;552;543
481;539;493;496
520;569;510;504
523;566;538;505
542;488;536;500
530;511;559;509
475;509;506;475
486;510;519;481
489;520;540;509
523;472;535;505
541;493;559;523
502;500;520;490
532;513;512;467
575;535;541;490
579;495;558;496
595;506;593;535
550;519;553;505
557;524;523;488
570;550;550;505
558;506;555;494
556;497;581;525
515;519;555;492
508;525;509;457
524;560;535;479
529;513;542;490
561;482;566;519
525;517;573;507
504;525;515;464
543;549;547;489
548;524;553;488
561;481;581;494
520;512;578;510
488;514;516;471
523;543;533;502
527;516;545;506
524;471;554;505
518;507;557;507
472;507;517;465
510;542;513;477
516;540;520;485
544;491;534;493
529;504;567;519
476;505;516;466
511;520;505;453
525;536;527;485
549;485;536;498
553;504;561;517
506;512;522;479
521;513;498;475
545;539;539;512
541;475;544;510
559;489;579;529
522;497;553;495
542;509;512;470
538;532;538;506
533;492;544;500
562;484;579;523
510;503;548;506
513;507;510;463
547;542;543;489
548;491;526;495
578;478;558;510
537;517;568;498
505;518;505;460
559;555;529;486
549;528;544;498
569;497;569;520
554;510;572;534
519;503;509;477
539;538;533;491
547;524;545;501
576;483;557;510
563;514;575;525
497;532;512;484
544;555;512;492
555;552;534;513
571;493;537;514
572;518;556;527
527;519;512;487
559;520;496;483
582;518;521;513
607;458;522;518
617;472;552;549
561;489;514;522
575;500;484;499
587;515;508;523
609;469;519;517
635;475;548;541
591;503;521;513
577;521;491;477
586;539;538;524
587;483;545;527
608;487;577;535
556;500;573;522
555;509;506;492
565;545;520;518
545;510;530;521
592;485;546;543
551;506;540;536
509;495;481;502
533;519;509;530
543;504;525;540
566;453;525;556
528;460;531;564
472;466;475;495
482;495;490;505
478;481;507;516
486;434;519;537
460;452;536;558
406;462;481;505
434;479;496;516
452;491;525;524
480;449;518;534
474;478;552;563
410;490;504;500
411;491;483;488
436;514;504;512
449;445;510;509
446;442;556;535
372;466;507;521
381;464;476;500
400;463;513;530
414;412;515;540
441;392;553;579
377;395;521;565
370;369;483;543
407;385;513;585
427;334;518;588
462;301;541;592
408;297;533;558
412;276;474;510
454;302;521;540
461;261;537;547
480;236;548;558
463;259;548;565
442;263;488;517
465;294;506;543
475;282;523;541
508;241;526;553
482;280;541;570
461;286;483;499
496;318;498;505
501;320;525;524
530;296;525;536
511;330;549;554
474;333;499;512
498;366;496;517
511;372;499;535
534;309;500;532
543;327;536;562
494;353;501;529
502;368;493;520
522;367;527;545
524;309;549;551
529;323;596;573
488;357;558;528
514;380;532;501
528;401;567;530
536;359;567;510
566;357;588;554
533;387;553;539
525;397;498;503
540;423;523;535
559;385;518;536
592;371;531;569
542;395;526;564
535;391;470;514
574;429;490;532
563;393;493;544
600;352;523;566
567;380;534;568
545;393;485;519
581;431;506;533
580;418;514;542
604;377;537;559
564;416;569;580
517;439;507;540
551;473;503;564
550;460;528;575
564;396;532;579
561;424;559;588
506;419;500;550
537;437;492;551
548;444;506;574
580;388;511;573
588;422;547;594
529;421;502;570
555;431;472;556
590;466;508;574
603;394;516;569
611;402;532;590
557;426;511;552
560;432;470;539
588;468;513;564
592;413;510;566
606;407;560;591
567;429;556;559
552;433;500;522
573;466;532;555
579;441;533;571
601;418;562;588
568;445;561;587
553;460;497;529
572;497;534;552
581;464;553;572
601;427;553;580
574;454;570;568
531;458;524;515
562;486;543;544
567;483;554;560
598;450;562;557
594;485;580;570
543;481;520;538
561;518;515;542
569;517;529;547
595;437;522;550
596;452;549;575
546;471;508;522
576;497;488;520
579;516;509;530
581;439;521;535
596;449;561;574
536;477;529;546
543;489;496;521
557;505;518;540
569;466;521;527
587;467;564;570
534;479;541;548
536;493;493;517
543;512;526;548
541;465;545;547
568;452;574;577
525;465;542;553
521;469;489;507
551;501;526;538
550;476;524;538
575;446;548;565
551;476;566;562
534;464;504;513
569;487;537;531
578;451;538;540
611;418;533;559
572;450;567;551
537;462;521;500
553;496;527;524
553;489;545;524
575;459;546;528
557;500;564;544
516;515;514;513
554;537;496;510
562;560;516;515
566;505;506;514
571;496;545;544
507;504;500;503
530;510;475;510
533;529;499;541
552;466;521;538
556;483;544;566
501;496;498;539
532;510;469;524
543;525;498;530
547;475;494;515
582;469;524;560
532;483;506;538
540;499;467;493
552;529;509;526
571;493;514;512
593;483;531;527
539;493;524;525
528;506;473;494
553;536;497;523
553;493;509;520
591;460;521;534
563;484;525;517
523;477;476;473
538;511;492;496
531;489;496;506
560;452;508;530
537;494;541;551
493;483;486;489
532;501;490;489
529;501;512;503
550;463;518;502
542;474;552;516
503;467;509;478
517;495;499;491
524;511;527;515
547;463;519;513
547;475;540;546
506;487;501;509
548;498;470;519
560;519;504;541
570;470;504;532
591;483;539;555
529;501;512;521
541;515;462;509
560;555;495;530
571;509;491;514
579;500;518;537
524;525;500;523
530;520;450;493
543;550;473;514
548;515;479;521
578;499;512;548
541;534;507;529
514;552;471;482
550;571;507;506
564;537;524;504
591;495;542;532
551;533;552;533
516;526;481;480
548;547;488;502
561;533;504;515
554;485;508;526
534;519;539;534
498;508;482;490
535;545;482;516
522;536;494;529
541;490;496;543
527;518;530;560
481;525;477;509
516;549;469;506
515;566;499;529
544;514;498;528
557;526;536;555
516;536;494;514
526;562;457;504
538;566;485;521
542;520;489;510
558;534;531;536
512;551;514;512
516;538;468;487
528;564;505;520
528;517;519;516
539;514;541;535
482;533;518;514
481;535;464;489
505;558;485;517
517;518;497;504
561;496;523;524
529;524;522;511
512;527;473;479
537;554;497;509
527;528;510;495
549;482;515;509
508;506;532;514
480;516;482;469
501;544;500;503
509;523;508;510
547;468;520;522
520;500;544;541
489;510;491;483
521;528;481;501
526;521;492;527
556;469;495;539
539;490;524;539
487;510;476;490
521;525;450;510
530;535;498;538
553;460;500;553
565;473;525;581
499;492;487;555
508;507;457;556
516;547;484;585
524;490;483;576
549;489;514;599
509;501;504;556
529;497;465;524
532;533;499;529
539;487;500;522
564;490;524;544
517;513;521;536
521;534;473;500
528;583;499;529
523;535;517;534
557;492;544;555
517;530;535;540
493;521;468;488
509;542;493;508
503;529;488;517
547;498;507;536
532;519;531;539
494;533;467;496
523;562;477;514
522;545;519;533
553;486;531;536
536;505;562;550
487;505;510;514
518;495;490;504
535;504;513;511
552;447;514;525
529;468;543;548
466;495;488;493
539;512;448;498
556;526;487;521
557;467;490;528
569;471;523;549
524;491;497;504
547;517;451;481
560;541;480;506
580;487;487;509
606;495;523;547
561;503;492;518
564;496;442;488
566;533;469;520
572;499;474;524
604;499;505;556
558;515;507;545
537;528;448;514
574;562;468;546
579;514;473;544
614;498;490;571
574;543;508;558
562;537;460;513
577;543;473;541
575;505;490;543
617;454;509;566
578;488;523;577
544;503;467;535
570;513;477;556
578;498;492;558
605;447;509;560
585;474;539;584
548;483;487;534
560;504;470;535
561;510;489;565
575;425;492;563
571;460;512;577
531;483;467;523
547;486;436;517
544;492;469;523
563;441;481;530
579;454;522;551
521;471;495;516
531;474;453;495
540;497;474;527
551;441;481;531
569;448;521;552
510;477;516;529
529;469;459;490
530;503;496;527
537;463;498;523
577;456;515;556
528;474;530;552
516;479;465;513
542;521;488;533
552;485;501;531
573;452;512;542
526;485;533;540
504;498;468;480
530;527;489;492
531;517;497;508
560;456;502;523
545;476;542;532
505;496;495;481
537;533;493;504
528;538;519;517
555;478;524;520
545;491;546;524
478;499;504;481
504;517;481;494
524;538;494;509
531;456;492;518
535;454;520;536
490;470;501;499
513;463;457;496
530;503;484;516
555;454;489;504
573;455;508;525
533;469;489;483
545;494;449;459
555;518;476;500
569;475;489;502
590;472;518;543
521;506;504;515
509;507;451;480
528;545;484;508
536;505;505;517
551;461;537;539
503;494;539;521
493;498;484;477
528;517;519;497
523;499;525;502
548;460;545;518
521;505;553;516
510;513;501;467
531;531;508;485
520;524;520;484
548;467;521;499
531;492;549;516
491;513;504;468
514;552;497;491
510;548;514;502
534;489;505;498
527;512;534;512
482;532;498;477
518;546;478;478
503;558;506;496
521;495;504;509
525;497;527;530
466;519;500;484
504;523;461;469
517;541;491;466
544;491;506;463
535;481;540;493
467;491;522;455
480;503;446;436
491;519;499;472
486;475;530;484
513;454;546;503
476;477;534;471
476;485;469;471
498;512;511;508
494;478;531;508
513;449;545;523
479;477;557;519
471;485;509;475
505;509;520;485
502;484;542;489
532;442;560;501
500;479;589;503
467;477;535;463
503;480;542;477
495;480;554;476
529;443;563;508
514;480;587;528
471;492;538;465
505;508;514;469
498;517;536;470
512;455;531;477
510;482;566;507
460;490;525;462
498;504;495;445
495;528;524;448
511;477;523;455
516;493;560;488
463;498;524;451
477;505;492;447
500;536;538;465
499;482;541;472
523;481;566;497
479;504;556;476
463;510;505;435
468;545;538;468
483;497;553;465
510;482;573;488
479;507;592;467
462;504;540;447
481;539;561;461
497;511;564;469
523;467;578;494
483;504;586;486
464;508;527;436
490;549;539;463
496;540;545;471
518;486;552;484
486;515;567;482
456;511;505;444
481;555;509;466
478;528;516;472
492;484;520;461
465;521;568;478
413;537;518;430
445;543;489;442
468;556;516;459
477;484;510;461
458;493;543;496
414;509;515;440
435;520;474;431
450;547;501;453
473;498;498;457
486;514;540;492
440;532;516;470
460;537;488;447
471;570;525;464
480;523;527;453
494;515;537;496
442;545;512;464
465;537;459;422
482;585;495;442
482;564;497;452
519;534;528;475
466;548;535;463
437;529;478;431
465;573;492;464
464;533;506;472
492;493;525;488
455;526;551;482
438;517;489;439
463;551;495;467
452;533;523;448
491;475;529;460
472;501;545;461
439;515;490;412
456;536;480;422
465;535;509;438
498;486;503;454
480;507;544;482
441;514;500;452
457;534;474;475
460;560;513;499
494;490;514;508
495;527;557;527
429;550;525;481
465;572;486;472
480;576;509;499
492;525;514;504
509;532;536;520
458;549;515;474
470;560;470;457
483;581;503;474
481;517;516;472
509;504;557;505
459;528;549;478
451;525;508;461
480;558;538;492
491;519;547;498
516;499;560;523
465;528;558;498
459;534;474;452
487;543;493;475
485;496;499;473
514;464;505;493
468;501;522;481
445;514;474;446
460;535;491;477
457;524;507;489
489;483;509;495
480;538;542;483
446;549;498;425
494;569;480;460
494;576;506;481
503;529;510;504
496;556;544;534
459;556;512;482
491;562;473;459
492;577;499;473
522;530;514;487
523;530;553;519
471;545;528;475
506;557;471;455
495;574;496;487
508;507;512;484
529;511;535;501
474;525;518;472
486;528;463;466
514;562;491;493
520;509;510;493
534;482;521;527
485;498;530;499
488;501;477;471
504;547;495;491
503;494;515;502
530;465;535;532
486;507;542;510
474;524;470;478
500;562;492;500
502;528;509;523
534;490;516;551
502;522;550;545
482;531;503;510
514;556;487;525
502;550;498;527
524;485;500;546
505;523;546;551
471;542;500;492
503;557;483;519
498;546;521;527
532;492;528;526
516;529;557;548
478;562;526;501
496;556;493;509
499;560;522;522
519;512;540;522
520;528;587;557
470;529;557;524
489;531;511;501
493;563;542;523
507;503;546;521
524;511;565;557
478;530;549;521
496;545;490;501
492;585;519;528
513;544;518;522
529;512;538;556
493;537;534;537
503;520;469;503
518;556;493;535
525;536;524;536
543;515;544;555
511;538;559;559
505;549;495;512
526;569;501;529
531;555;521;529
550;495;534;553
522;519;560;545
480;529;499;499
525;546;491;518
542;559;513;523
583;497;529;531
567;527;559;550
535;544;508;503
560;574;491;508
567;592;519;531
574;532;517;533
546;557;560;542
486;552;524;492
515;569;496;496
528;594;533;502
531;522;535;506
525;530;566;536
469;548;548;493
502;578;511;486
514;617;543;520
514;560;548;513
524;552;559;537
494;561;567;510
501;559;515;486
509;590;540;516
527;536;538;517
545;515;562;542
500;545;572;515
494;545;513;484
503;575;510;508
508;546;528;513
536;512;527;522
501;538;547;513
498;554;487;472
519;602;477;498
512;592;501;498
548;542;511;518
509;583;544;517
472;588;507;480
503;598;483;497
505;609;510;495
539;552;513;511
511;568;557;519
474;568;522;469
509;585;493;491
504;584;526;502
534;537;533;501
528;550;562;535
475;559;539;487
497;554;491;494
503;588;529;516
527;529;522;507
528;532;562;537
485;560;544;510
494;570;492;503
507;598;516;521
533;526;522;537
551;509;554;578
474;548;548;549
483;569;499;517
514;602;527;529
523;557;541;516
544;541;548;543
514;571;558;520
497;581;514;484
523;610;523;509
518;572;532;511
534;526;541;538
506;550;564;536
493;560;504;493
526;578;497;509
507;558;506;523
530;501;506;531
513;544;540;542
477;536;510;495
507;565;497;521
504;564;505;520
525;523;507;536
518;539;544;560
472;532;500;506
500;550;478;495
505;572;513;511
519;517;525;521
514;524;563;554
476;538;543;506
489;550;499;510
496;600;528;518
520;551;516;522
537;549;550;548
494;573;540;508
495;586;458;490
518;597;485;516
531;541;500;510
546;519;511;541
496;547;524;533
502;555;470;499
516;596;484;509
514;558;506;512
543;534;517;536
507;548;521;509
496;549;468;481
510;590;486;513
509;561;496;516
529;506;505;545
484;535;539;526
447;546;490;470
479;573;480;495
480;548;510;515
513;494;509;529
490;524;549;541
460;536;505;495
483;563;485;512
481;561;516;525
516;500;511;526
499;534;535;542
450;558;495;501
474;555;463;500
489;562;482;521
505;509;484;541
520;502;522;533
475;522;506;457
495;536;460;459
511;571;492;500
521;513;498;506
540;510;539;529
504;538;530;505
505;535;468;495
522;560;485;520
536;514;493;521
562;480;510;554
490;497;528;514
500;496;461;474
526;521;474;515
522;487;493;512
550;448;488;509
505;488;505;488
486;482;440;458
516;493;454;498
515;489;487;510
547;446;498;538
513;471;521;545
484;473;479;500
515;507;477;532
528;515;506;542
535;459;526;571
507;485;551;575
469;491;528;528
500;508;512;533
505;519;546;540
538;476;545;544
531;498;572;557
474;501;520;503
498;503;478;506
503;517;513;538
525;463;501;519
539;455;513;541
487;484;497;502
507;480;431;490
509;509;462;511
528;468;487;510
551;456;510;538
489;477;496;510
499;486;434;481
511;527;456;505
512;495;478;497
548;471;491;530
522;495;505;507
519;502;459;471
523;534;476;505
526;519;497;504
544;454;509;535
512;497;543;517
504;510;494;466
542;550;488;513
543;540;507;519
574;484;506;507
550;515;524;492
515;519;472;469
544;536;458;494
553;508;484;518
576;455;489;542
549;487;523;545
519;498;487;497
537;491;459;509
536;496;487;518
567;433;485;527
566;452;529;547
517;477;511;492
532;478;462;484
551;502;494;507
554;455;501;509
551;454;513;544
503;478;500;513
528;491;454;497
533;511;484;519
535;468;489;526
549;446;519;561
507;470;528;531
526;487;484;520
535;521;505;529
529;488;518;531
564;459;539;553
514;489;561;528
501;472;498;502
526;502;511;536
537;483;508;538
577;447;503;566
544;478;525;559
519;466;474;505
548;476;467;526
540;454;491;549
568;405;499;556
538;444;534;556
510;447;503;512
541;464;492;526
538;470;520;527
573;423;525;533
551;458;562;536
503;470;524;494
531;490;482;496
538;507;500;500
546;442;498;503
540;444;547;523
498;464;523;478
525;453;460;468
549;475;485;491
577;424;494;495
601;426;529;523
560;440;519;485
587;438;469;477
601;487;502;506
615;436;498;502
611;408;512;540
546;444;533;507
536;446;479;486
553;479;506;525
556;437;516;517
590;414;530;549
536;421;544;529
537;425;484;508
551;463;485;532
546;439;506;528
580;404;530;547
545;433;553;534
538;412;489;489
570;447;471;512
557;443;500;505
594;392;512;534
580;410;546;537
551;409;499;486
569;426;476;504
531;429;499;518
577;382;514;524
576;404;549;539
521;415;513;488
537;419;486;489
551;429;501;496
570;375;518;509
575;390;554;541
533;403;534;484
562;395;479;467
561;423;509;493
577;362;508;503
599;349;543;528
549;372;539;484
562;390;494;481
568;431;509;502
574;400;512;498
603;409;531;521
548;472;542;490
562;471;486;483
581;484;510;502
581;462;525;497
608;419;521;514
567;436;552;495
551;424;498;466
574;438;498;488
571;432;513;489
582;366;529;512
548;399;569;509
539;410;526;470
562;419;518;484
576;417;545;487
606;368;524;509
575;379;531;528
546;398;490;468
579;421;466;480
586;427;492;495
614;380;500;508
603;388;532;511
560;394;503;460
573;407;473;471
569;426;505;478
590;372;507;475
589;399;534;506
546;429;516;459
570;422;474;447
563;458;509;476
569;413;511;475
580;406;534;512
532;423;536;479
547;430;475;464
557;469;495;483
553;425;503;481
573;394;514;511
533;428;527;490
535;428;480;448
537;473;498;487
539;444;510;488
559;409;511;514
516;429;536;496
509;413;490;454
542;450;481;483
548;434;502;472
576;378;511;501
538;419;546;510
510;450;502;462
543;468;484;480
552;476;515;488
578;422;512;499
551;444;541;498
513;476;524;446
539;483;485;460
550;480;522;471
578;422;521;472
559;448;551;494
531;449;507;440
544;448;461;437
543;470;479;449
548;425;478;453
535;427;505;478
501;456;496;453
524;455;445;443
536;481;473;454
551;431;490;455
561;424;503;484
514;439;507;443
518;445;447;423
520;487;464;448
523;448;484;464
544;428;501;494
492;473;525;461
495;464;466;434
521;499;474;467
534;476;498;476
553;429;503;492
502;466;526;471
490;488;478;443
521;514;477;470
521;496;499;470
555;452;487;493
518;496;526;499
486;476;506;439
524;474;472;462
518;489;492;465
543;442;490;473
518;456;521;492
490;482;480;429
520;486;434;436
523;484;471;446
554;435;475;458
549;445;503;479
511;461;482;425
529;466;438;430
547;478;461;448
569;429;456;459
572;438;475;509
499;454;460;467
527;451;405;453
533;494;438;471
539;452;466;472
547;457;488;492
500;476;523;467
496;470;479;446
513;518;510;482
508;496;531;494
543;453;538;530
497;461;553;521
490;473;484;498
518;514;487;533
529;495;516;534
554;441;520;566
510;474;539;540
492;477;493;505
516;505;468;518
521;499;477;513
563;440;482;528
526;472;518;520
492;462;478;458
517;492;455;471
517;497;472;482
524;448;473;487
495;471;515;508
462;473;482;456
495;480;434;459
494;499;463;480
520;439;466;479
513;447;497;503
462;459;491;458
485;478;441;468
489;485;468;498
507;438;481;502
516;436;508;527
456;461;521;484
492;465;461;468
516;507;482;479
521;468;497;468
550;445;513;499
501;471;523;471
506;477;460;436
509;509;462;473
493;470;470;472
516;436;484;487
464;455;501;465
456;462;464;431
485;497;459;459
480;482;469;471
508;425;479;504
460;448;517;501
439;459;470;453
463;479;443;476
463;477;452;477
492;431;445;498
467;449;493;512
445;449;448;472
482;476;422;496
487;482;473;514
500;433;492;523
474;440;523;530
432;445;510;475
460;457;474;487
462;485;507;494
483;431;503;493
474;432;528;541
436;458;532;495
470;459;473;490
484;498;494;524
508;458;504;524
513;458;533;546
478;480;545;492
498;454;484;468
486;495;509;487
486;455;523;500
484;429;535;537
436;464;551;509
456;461;500;466
485;507;506;497
498;497;522;499
525;457;537;528
477;492;566;502
466;466;510;468
490;505;495;500
481;493;525;511
501;449;515;537
455;479;546;542
436;463;518;484
451;487;498;500
438;471;528;529
474;425;529;542
461;434;560;553
429;436;523;493
449;463;491;510
452;476;520;536
487;428;525;539
469;454;547;548
420;475;525;503
459;469;481;505
480;494;517;516
500;437;522;528
491;433;542;550
457;465;525;501
474;476;477;494
474;497;505;508
486;453;524;490
490;448;535;516
444;480;539;480
471;502;489;468
483;547;514;494
487;510;520;498
507;481;525;521
457;503;546;494
469;495;480;459
489;530;473;496
499;509;495;506
516;468;493;541
468;502;525;534
476;505;490;470
500;531;478;511
488;505;499;522
516;446;499;537
483;478;527;528
452;481;497;483
483;502;470;504
496;493;496;495
521;434;490;504
496;449;523;526
476;458;492;471
503;480;452;477
508;498;489;491
527;435;485;504
505;453;515;522
464;481;500;482
485;491;454;473
503;520;485;505
520;477;494;516
518;466;511;537
469;501;497;490
488;508;451;475
500;552;487;491
519;527;500;494
531;522;512;525
478;561;513;494
482;556;463;461
492;587;469;490
509;559;487;490
540;514;495;507
482;532;520;485
469;515;467;450
484;544;453;481
476;516;475;473
516;462;476;503
475;497;506;497
454;491;470;455
479;518;448;475
476;508;481;486
500;458;474;513
462;486;509;495
439;495;453;457
474;512;434;476
476;523;460;477
504;462;463;483
484;492;497;492
470;512;485;448
489;508;458;462
488;529;493;479
523;459;501;490
518;464;533;502
479;481;522;465
501;489;447;484
501;516;474;498
528;473;489;504
511;467;495;525
465;482;501;470
498;487;456;444
500;526;472;463
503;487;484;471
513;465;501;493
469;482;529;466
453;486;478;450
456;534;492;471
463;497;519;468
486;464;518;504
439;493;532;479
444;500;471;445
452;535;464;471
447;527;480;483
488;459;486;525
437;491;514;513
421;509;466;466
457;520;445;505
446;520;473;517
475;463;484;526
444;494;521;519
402;501;485;473
434;512;448;497
434;539;489;502
454;482;495;519
439;481;523;525
402;512;517;478
427;530;466;488
434;550;479;512
449;497;485;518
453;505;491;544
413;525;484;492
442;524;432;494
447;567;470;508
468;529;481;498
461;495;501;519
416;519;514;477
428;527;462;464
434;562;479;492
453;515;488;499
455;496;492;532
417;517;512;503
427;518;465;473
430;556;459;494
458;529;468;511
477;490;487;541
429;521;502;502
434;517;455;476
454;542;441;507
448;533;462;509
471;484;465;540
440;511;500;514
430;515;476;460
453;540;453;484
446;537;473;494
479;489;502;518
453;509;529;517
424;520;496;480
455;544;459;512
450;554;496;525
486;494;499;517
467;510;542;537
441;531;540;488
475;544;495;496
469;565;518;511
493;506;536;516
485;499;552;530
429;514;541;481
454;510;473;478
460;524;493;496
481;483;481;501
492;471;483;555
436;501;481;516
456;502;424;515
467;536;454;537
471;508;470;541
499;490;486;592
447;534;503;572
453;523;449;532
472;555;461;542
484;535;484;544
510;476;492;566
456;530;526;555
443;527;465;500
472;550;453;530
478;533;493;535
508;496;502;541
477;535;542;538
448;544;499;489
467;550;475;513
461;558;494;519
493;490;487;535
467;511;524;536
434;534;494;477
469;543;447;509
462;564;488;519
484;504;505;512
464;498;529;526
406;524;520;466
433;535;465;489
432;573;489;495
447;512;505;498
457;523;532;536
400;541;515;485
420;513;463;477
440;546;499;497
459;501;517;496
473;481;528;526
418;511;549;499
441;503;494;474
469;544;505;507
485;509;523;518
492;467;538;536
434;490;566;492
432;493;519;472
451;530;511;496
468;533;531;505
492;479;548;535
450;503;591;510
450;504;541;464
470;538;525;487
462;531;553;486
494;493;547;504
462;519;590;513
449;528;560;467
481;547;514;495
483;569;550;502
523;513;562;520
509;491;591;519
484;493;575;473
515;510;536;493
519;544;553;506
534;498;552;517
515;514;572;534
460;518;574;474
475;517;516;469
494;562;535;481
510;514;541;488
508;513;559;502
455;534;567;458
483;529;517;457
490;563;532;485
491;534;549;483
490;507;561;516
446;538;597;482
453;548;538;465
448;581;550;489
452;533;573;491
485;490;573;523
426;519;599;510
428;528;545;473
453;552;528;508
465;527;548;508
497;473;544;525
457;500;571;499
436;507;531;461
471;541;508;500
460;535;532;498
495;467;531;521
459;497;564;522
443;514;542;481
474;529;506;494
470;558;526;496
485;497;530;520
471;503;559;537
449;519;544;465
488;522;487;469
486;566;513;487
510;512;518;518
501;503;543;526
451;533;546;458
485;545;489;480
493;575;522;485
514;528;527;488
503;516;546;517
449;540;554;470
466;539;488;457
476;571;515;480
492;541;522;484
510;498;523;511
455;528;557;467
471;529;506;451
491;563;494;488
486;533;520;497
523;487;523;515
485;509;544;486
488;531;494;455
502;552;486;480
492;539;510;469
541;496;516;501
502;519;545;487
490;515;509;442
530;547;479;467
511;558;513;479
538;502;532;504
512;524;531;493
480;533;492;451
522;556;448;491
516;577;471;498
529;514;485;512
511;519;508;518
470;538;504;461
496;548;466;482
498;585;503;504
524;523;510;509
510;504;540;526
451;541;546;468
475;542;493;466
476;567;508;494
494;528;512;503
503;503;524;525
457;535;540;484
472;559;491;483
481;607;501;498
493;577;509;511
497;562;522;540
450;604;540;509
461;603;479;494
474;636;478;515
489;615;518;516
500;563;521;549
457;582;551;515
453;575;503;484
477;576;475;517
486;571;508;516
509;516;517;524
463;518;555;513
442;528;522;473
478;564;486;499
475;570;520;505
506;506;522;517
481;536;563;521
460;551;543;466
467;567;496;485
482;591;519;501
511;536;529;535
496;532;552;538
456;546;554;488
494;550;497;499
503;596;516;513
514;547;529;529
505;539;537;535
460;568;542;478
489;569;480;494
499;608;508;499
516;566;537;501
510;548;540;526
443;594;558;470
458;587;510;466
471;615;514;474
478;591;541;454
497;548;543;481
449;578;565;441
455;586;506;398
468;620;500;425
468;595;530;423
492;543;539;441
446;582;574;419
447;593;537;379
455;616;508;398
451;606;542;393
493;552;537;416
443;584;570;422
422;601;541;373
450;612;491;377
441;624;517;389
482;571;520;420
454;604;558;418
423;612;540;358
454;599;498;386
461;626;534;412
500;576;530;423
484;579;556;443
432;596;553;400
455;601;498;413
466;634;524;432
481;587;530;432
474;575;542;451
417;602;544;414
444;597;489;417
457;616;507;445
476;588;513;450
483;552;519;478
420;593;541;460
442;585;498;463
455;623;507;486
467;592;515;492
481;554;524;525
417;587;569;501
432;591;533;466
449;621;517;504
464;617;547;491
498;579;555;514
458;610;585;510
440;621;556;460
475;644;527;488
473;637;555;503
513;587;561;522
457;611;593;510
440;625;582;474
464;634;542;493
461;643;577;494
496;586;583;512
475;597;597;530
430;617;578;486
466;617;524;496
474;644;552;514
503;591;554;541
499;579;580;567
461;589;588;529
480;591;520;545
490;626;528;566
516;573;550;583
506;571;569;617
459;598;584;566
484;601;522;535
497;624;533;564
507;575;536;554
515;555;535;582
472;577;559;554
490;573;499;528
497;624;495;554
500;586;540;539
523;547;540;565
473;576;572;546
472;577;529;501
489;592;520;526
489;584;545;538
512;551;543;574
471;577;569;567
466;578;540;520
491;588;518;559
491;598;554;564
514;545;556;570
480;562;586;574
459;582;579;519
476;591;532;541
477;607;547;555
521;545;544;580
484;554;572;588
444;558;562;537
485;586;507;550
484;619;532;558
509;567;542;565
499;566;563;587
471;589;557;528
497;592;496;537
514;621;515;562
541;584;528;588
536;575;545;608
502;593;565;568
535;586;515;547
554;607;523;564
585;579;545;573
604;546;547;604
558;580;581;568
577;586;530;557
560;611;531;588
553;593;556;584
568;564;537;610
512;585;576;580
512;588;540;547
524;615;504;586
521;605;539;586
548;543;535;611
514;560;576;599
494;566;542;550
523;587;505;580
532;600;544;589
553;539;537;611
522;567;551;607
497;579;535;550
528;593;494;571
522;607;538;577
556;553;540;597
531;564;556;605
495;580;551;557
529;584;499;560
519;615;526;559
551;568;538;580
538;558;558;616
489;588;561;581
519;567;502;581
525;598;511;594
556;571;532;599
552;547;558;630
505;565;581;563
527;560;530;544
539;593;537;568
534;554;553;570
548;521;544;596
501;554;577;563
519;561;530;553
547;589;516;582
552;574;545;564
584;525;545;590
520;555;567;580
518;568;533;550
542;596;516;586
541;578;539;576
574;528;540;611
541;567;583;596
507;575;553;542
516;580;500;576
538;584;531;581
583;527;526;598
552;543;540;597
529;553;532;550
555;568;488;574
546;586;516;586
582;526;523;601
577;536;546;607
531;538;546;560
559;554;486;570
562;596;501;593
594;521;505;609
596;498;523;636
536;543;541;581
568;550;491;570
556;581;517;576
568;533;534;580
580;518;543;608
536;549;567;565
572;544;507;554
592;560;507;572
603;547;526;572
613;509;515;589
546;547;549;545
569;556;515;523
587;571;492;546
596;553;524;538
627;496;524;560
581;523;553;537
572;528;520;500
593;560;495;538
593;559;515;543
618;501;509;567
579;522;543;566
554;535;512;527
578;545;465;563
583;563;500;551
615;498;500;568
586;510;527;572
550;542;517;514
567;553;481;531
572;583;499;539
589;540;501;561
585;557;503;569
536;585;528;518
562;585;477;531
563;616;496;552
588;564;515;550
586;549;534;571
538;576;550;539
564;567;497;535
567;601;511;559
583;568;528;561
578;534;527;579
525;528;552;562
549;536;495;560
567;566;494;580
576;549;509;580
592;502;519;610
537;536;560;577
548;539;511;541
574;561;496;556
578;560;525;545
600;513;527;571
564;537;561;563
560;535;521;518
595;554;478;533
587;562;512;537
608;521;518;560
575;539;543;568
553;549;515;520
580;548;459;540
575;553;501;543
594;502;509;551
557;510;526;560
530;534;523;506
551;536;474;526
558;567;509;548
585;513;517;566
571;501;534;587
526;514;544;536
554;532;481;562
558;563;492;565
576;527;505;574
567;509;519;591
506;529;531;555
539;520;473;540
552;548;479;564
550;521;502;569
560;497;509;611
508;520;529;581
535;517;474;562
552;551;458;582
570;550;485;572
596;508;501;589
535;533;526;568
530;557;470;544
547;572;457;587
563;575;485;587
587;536;486;604
526;564;509;582
522;552;489;532
557;575;458;550
562;603;475;544
581;542;481;568
548;533;508;559
515;544;498;520
534;549;459;536
534;570;488;539
550;522;489;550
538;529;517;568
498;545;508;520
522;549;450;540
505;583;474;552
530;531;477;547
518;522;507;574
489;553;501;519
527;552;446;522
534;581;460;543
553;548;485;544
545;510;496;581
503;536;504;548
551;535;439;533
564;569;453;551
568;546;481;548
572;512;487;570
532;539;531;545
536;553;500;496
548;588;494;524
554;572;530;522
579;519;536;557
522;544;579;523
526;537;525;479
545;564;494;512
555;556;505;514
573;505;499;553
535;524;538;552
519;531;507;520
551;549;467;549
562;567;492;558
601;509;493;588
560;532;528;586
526;543;519;529
559;544;467;528
551;568;494;530
563;519;502;548
548;511;520;568
507;522;521;529
536;529;473;514
534;557;486;522
576;492;497;518
556;473;508;539
503;514;520;493
537;517;468;488
545;549;486;517
559;491;502;517
567;462;502;534
528;489;534;512
556;481;496;498
558;521;480;519
561;496;494;513
589;447;507;535
543;483;538;507
539;478;506;483
558;505;468;525
560;493;492;526
565;438;509;557
528;471;539;533
530;486;496;503
570;521;473;543
578;528;492;537
617;455;495;553
582;484;531;548
574;504;501;514
596;519;446;547
590;505;484;556
618;455;498;563
580;478;519;572
536;497;516;515
553;499;470;528
547;526;503;526
582;457;511;543
564;451;524;554
537;473;524;500
545;471;472;509
533;498;502;516
554;447;524;522
558;432;528;540
516;455;546;497
547;472;482;507
553;491;488;530
576;461;504;529
572;428;512;554
515;463;530;508
548;457;477;501
563;494;466;516
584;480;506;509
589;452;500;556
525;483;538;524
534;458;491;508
559;476;467;530
566;473;485;536
587;404;492;555
532;407;535;523
531;416;505;484
541;426;472;504
557;418;506;506
596;335;511;548
539;350;537;549
518;358;515;509
546;325;470;548
533;349;501;549
563;289;493;547
538;272;522;550
505;295;521;496
529;300;462;507
529;329;486;515
558;280;497;524
551;279;517;536
510;304;526;489
546;300;469;503
570;340;484;528
597;329;492;530
580;317;505;549
523;332;531;515
543;342;470;524
556;379;478;532
585;363;503;546
588;328;516;566
518;367;533;526
539;375;475;506
562;406;469;534
571;377;508;523
585;348;504;564
521;388;551;537
536;396;522;496
555;440;482;521
560;461;474;526
585;403;479;543
550;423;519;532
539;442;505;483
558;458;472;504
554;462;505;519
600;404;492;539
560;421;521;532
552;456;506;475
576;466;458;505
569;482;482;506
598;451;496;535
578;453;514;524
540;478;511;476
558;470;467;496
553;501;502;511
567;470;515;524
547;459;527;542
504;474;532;493
530;479;457;510
547;499;464;517
565;481;481;526
542;461;497;549
501;488;520;518
520;487;478;513
530;526;472;533
548;502;495;534
554;469;489;555
502;484;524;523
507;494;491;502
516;534;484;530
531;514;497;523
538;466;503;545
505;486;533;523
507;484;493;484
526;516;465;513
528;524;509;491
542;478;490;506
491;509;513;494
482;527;499;442
499;543;464;480
504;559;500;501
532;522;506;523
504;524;545;516
478;533;539;462
505;539;497;487
515;549;501;487
539;502;504;474
510;475;512;487
463;479;512;444
493;490;455;460
507;532;474;484
537;474;479;493
516;464;506;513
489;498;525;465
490;471;451;475
498;514;468;496
529;486;490;489
533;452;492;514
477;491;524;463
511;490;479;460
524;521;477;485
529;509;493;476
527;477;485;499
471;501;534;472
490;497;484;452
514;523;466;473
515;517;506;477
532;456;493;506
491;486;516;478
493;494;486;456
513;508;456;469
518;517;472;482
544;465;473;518
497;489;503;502
501;491;493;470
522;502;459;485
518;530;502;496
551;478;513;502
503;490;540;514
477;499;540;455
521;515;489;467
516;530;509;484
553;483;501;494
539;479;522;506
498;505;540;448
539;513;482;460
540;558;497;472
563;513;510;478
544;502;540;497
492;508;562;447
518;491;511;458
524;541;509;456
542;526;525;454
540;482;529;493
480;487;553;448
515;491;501;435
524;523;493;463
529;517;521;460
550;476;532;499
492;510;560;485
514;521;511;452
529;541;467;466
536;541;485;468
557;474;477;504
494;489;502;492
489;496;479;456
503;512;438;482
505;524;461;498
544;482;472;523
499;488;508;504
476;498;494;459
500;514;434;478
505;527;468;486
534;479;481;502
508;485;508;499
487;510;506;458
517;508;453;468
522;540;477;465
552;496;489;484
523;484;497;492
474;513;515;437
518;519;460;453
511;542;473;486
541;500;492;470
527;476;501;496
476;496;524;450
511;494;479;443
515;531;495;463
542;488;529;465
546;449;545;501
487;482;590;447
514;485;546;445
530;515;536;469
532;504;542;479
545;462;545;523
500;480;573;506
516;479;520;492
524;505;490;528
534;504;527;507
565;461;512;528
514;491;547;501
499;494;522;446
527;494;489;477
531;525;525;477
548;458;518;492
501;459;538;483
480;476;521;432
507;489;468;438
516;514;505;446
553;454;516;468
517;458;542;484
484;484;544;430
516;485;466;453
508;506;480;475
527;447;493;480
509;434;513;495
482;468;536;444
514;469;480;454
517;509;484;480
536;485;495;495
536;449;524;504
491;481;545;459
522;476;486;459
517;486;482;471
528;465;517;471
531;435;524;491
469;481;545;454
484;469;508;452
500;494;495;472
518;475;523;475
542;429;517;506
495;457;550;472
515;468;523;440
532;487;492;473
544;491;515;463
569;438;521;503
519;443;551;506
517;460;539;452
550;471;496;486
546;485;501;481
566;421;492;500
525;426;523;493
496;450;514;455
524;427;463;469
527;447;500;478
557;414;515;495
518;419;534;500
482;440;537;454
513;445;463;488
523;478;480;497
547;445;497;505
533;431;525;534
480;453;530;488
501;442;489;492
512;478;509;510
520;439;527;512
525;397;533;543
473;421;552;475
496;414;497;468
508;459;496;491
532;443;520;478
544;398;520;512
485;433;557;479
498;455;516;464
507;468;497;484
506;453;526;473
531;402;538;516
479;417;573;500
478;429;538;471
500;467;500;493
511;476;527;501
537;402;524;527
489;416;553;519
476;438;534;477
521;463;486;500
512;481;513;501
540;439;526;517
497;460;557;522
472;490;548;482
503;484;488;518
513;510;522;512
549;456;535;517
530;444;555;529
485;470;545;476
517;471;492;479
517;503;523;503
513;472;526;514
506;431;538;543
474;462;562;501
499;464;501;498
510;489;511;508
533;461;530;518
539;413;530;539
497;440;561;490
528;447;504;490
529;467;497;513
532;440;535;518
546;413;530;551
491;439;555;510
507;444;516;475
528;477;501;511
535;494;519;516
560;433;503;557
512;444;532;537
508;463;505;490
512;494;458;531
519;501;499;548
546;443;502;576
515;449;532;546
493;471;531;489
533;469;489;506
521;478;503;512
547;429;504;522
519;427;529;531
483;455;532;489
516;460;477;502
524;464;499;505
552;425;515;521
530;425;532;525
485;448;539;472
519;459;490;484
518;482;505;515
540;446;528;526
528;422;527;542
486;454;544;495
509;460;485;488
516;499;490;518
535;477;523;510
535;426;543;530
476;450;580;478
500;453;512;467
501;504;498;500
514;481;540;510
543;429;550;540
484;468;564;501
502;479;529;480
509;510;500;510
510;517;532;517
521;465;533;545
493;490;568;530
488;506;547;498
500;520;505;532
506;530;553;530
540;461;557;546
493;463;567;518
476;484;551;479
499;482;511;508
511;483;537;513
536;425;538;526
505;433;576;549
482;455;574;487
521;458;506;495
515;487;541;511
548;442;548;527
523;407;561;521
473;417;570;476
508;386;514;498
507;415;519;514
537;370;533;521
526;335;534;551
479;367;551;501
495;364;504;491
499;389;507;516
519;352;545;503
509;310;551;535
462;344;578;511
485;342;530;491
505;368;514;506
507;352;536;518
518;291;556;540
473;329;599;515
489;337;569;500
503;374;544;531
503;385;568;536
525;337;573;567
477;346;605;547
450;359;569;512
480;390;527;520
493;425;546;511
520;364;544;534
489;368;576;526
453;404;564;466
484;420;505;506
486;454;537;516
511;395;555;527
476;405;573;538
447;437;571;494
466;453;504;511
480;478;516;518
503;443;531;534
489;438;540;552
441;451;574;508
474;459;518;521
493;506;532;523
505;480;540;520
503;457;547;531
438;481;572;491
452;489;531;479
469;516;534;510
490;504;537;511
500;458;552;544
444;482;580;505
445;503;531;495
459;532;516;514
467;524;543;531
484;473;539;546
431;513;567;520
420;538;529;487
431;544;499;523
453;558;522;530
474;515;516;556
418;544;553;526
384;551;541;489
398;549;492;510
397;584;533;512
435;540;535;545
398;546;549;543
370;568;541;491
388;560;489;516
391;591;515;520
435;553;519;538
393;535;532;544
346;562;533;486
390;558;473;508
391;595;499;518
422;558;524;529
391;527;553;544
358;551;583;494
400;564;536;508
419;607;549;524
438;586;564;536
436;538;572;574
395;560;591;537
435;570;544;538
462;605;522;564
461;591;550;559
483;553;550;575
451;582;578;528
461;589;539;511
472;617;513;516
495;619;544;520
521;567;533;547
479;585;549;516
474;602;521;472
482;613;481;500
475;612;506;513
505;559;525;544
473;566;554;537
443;567;532;491
478;577;493;510
488;601;516;509
509;545;516;508
480;555;540;499
464;577;531;459
501;574;485;476
515;612;503;479
525;557;509;498
488;547;529;509
461;583;545;463
498;574;496;489
497;593;512;505
538;555;529;523
524;542;541;531
471;584;558;471
515;575;505;475
504;599;511;480
528;592;529;490
531;548;540;514
474;565;588;477
492;575;526;469
508;599;512;495
526;582;541;496
531;525;545;533
488;558;579;507
507;567;539;477
517;588;513;505
545;587;543;507
575;531;548;554
535;568;572;538
545;565;543;507
571;579;512;526
575;605;555;535
601;551;552;567
538;557;580;537
529;578;575;490
547;601;515;532
544;598;538;541
573;544;542;548
523;536;571;534
486;557;570;511
516;551;516;531
520;589;544;526
547;537;562;532
521;523;566;549
483;555;571;505
508;563;522;522
514;606;551;540
541;574;549;550
528;537;560;562
493;569;587;521
527;583;529;521
537;613;531;542
562;575;554;549
567;544;557;583
513;566;579;526
536;576;524;512
538;605;504;530
545;604;532;534
574;555;532;566
519;579;560;534
520;578;543;512
540;597;504;555
539;606;538;568
578;558;540;611
540;575;574;558
541;579;557;523
555;589;511;556
539;594;532;550
574;549;544;565
537;552;570;570
518;571;565;528
548;575;506;548
538;594;541;552
582;546;548;570
562;524;563;570
527;550;560;512
550;544;516;533
561;573;537;553
585;545;555;564
561;511;558;566
530;533;569;506
567;542;517;510
560;586;520;532
591;557;529;536
571;531;547;550
512;568;574;508
546;573;522;498
565;611;504;518
593;601;523;523
599;549;524;555
540;586;559;524
558;591;521;498
578;619;497;515
584;610;527;523
606;534;544;560
554;566;574;541
546;566;533;513
558;575;518;541
561;577;547;537
584;514;537;557
532;528;563;539
525;561;537;498
543;569;492;527
554;565;523;536
578;509;518;537
543;535;552;542
510;557;549;502
526;562;489;528
544;603;507;543
572;568;517;558
545;555;531;561
504;564;530;503
536;564;463;515
546;602;481;527
587;562;502;538
570;544;520;548
538;572;533;495
564;560;483;496
566;604;476;516
596;577;487;526
589;541;489;536
532;582;510;494
557;574;463;490
576;611;443;513
596;615;454;502
604;569;447;538
546;588;491;503
571;602;457;487
568;617;442;517
571;598;463;524
594;555;460;549
553;580;499;519
547;572;486;498
564;589;446;529
547;609;481;522
567;550;482;539
516;566;530;527
495;580;504;498
491;587;455;530
486;626;489;523
501;576;503;546
474;559;510;529
449;583;501;490
481;605;447;518
460;644;453;520
495;587;454;542
468;571;480;539
441;606;489;485
470;609;433;498
472;640;454;511
508;586;443;514
487;545;463;520
449;569;491;454
471;584;439;473
483;606;439;501
503;570;466;506
503;530;481;512
464;560;524;467
498;566;466;472
497;595;448;509
519;581;483;504
530;522;481;534
491;557;511;505
504;571;473;484
522;576;447;515
525;595;471;516
547;532;479;532
495;549;506;501
512;566;472;465
528;574;426;493
536;598;454;511
566;566;469;530
508;582;498;507
500;608;481;468
531;622;416;497
540;646;443;510
561;591;455;529
516;599;492;537
494;615;499;490
520;619;441;508
519;659;464;517
557;628;471;531
544;610;481;533
503;630;487;479
529;629;435;495
526;660;456;491
553;632;476;497
544;597;474;508
496;633;497;472
522;629;446;488
537;655;449;509
552;629;471;499
540;581;466;514
489;604;498;482
522;598;453;463
521;611;445;471
527;605;449;472
526;547;459;515
464;581;489;486
487;578;462;480
510;611;431;503
507;641;462;496
518;557;461;526
483;543;492;505
481;559;466;473
514;598;421;500
513;611;452;486
524;561;466;522
470;585;502;496
458;603;502;453
481;611;458;475
477;651;509;485
521;600;529;517
483;594;543;513
459;623;547;459
485;638;486;487
485;664;495;507
524;617;496;496
510;593;504;502
460;617;508;454
487;611;458;480
499;639;473;506
529;606;484;519
513;571;491;543
470;586;506;507
499;602;455;504
504;632;441;506
533;597;458;498
529;565;462;516
473;598;501;484
512;592;461;478
516;621;448;507
531;611;486;492
546;572;487;517
496;602;513;492
508;613;492;463
513;625;455;493
523;639;477;500
536;579;469;500
491;593;504;477
491;609;482;448
506;625;441;469
511;637;475;459
528;576;481;484
484;582;518;470
471;599;505;411
487;611;447;433
493;635;471;433
528;565;493;448
503;546;496;470
475;581;491;423
498;572;435;443
491;590;457;469
510;521;471;488
503;469;493;502
462;495;511;458
480;484;465;471
480;479;472;493
511;414;490;496
495;370;482;515
445;391;505;467
477;391;471;472
484;409;476;477
500;396;503;487
516;338;501;516
469;370;543;476
486;369;505;468
498;384;483;486
514;384;510;496
527;308;505;528
466;336;541;497
473;345;517;460
486;361;476;467
505;371;486;474
546;304;497;496
513;313;520;472
512;319;498;423
528;343;456;453
537;380;492;464
581;336;494;500
535;362;513;500
505;389;503;454
534;404;448;485
527;440;475;499
564;406;491;523
521;394;516;534
484;420;528;493
518;438;478;514
500;491;501;527
530;462;500;529
520;430;516;545
473;465;527;497
512;478;462;512
517;511;458;522
539;474;467;530
536;441;473;554
495;478;491;519
518;483;436;516
535;508;430;538
569;504;452;543
571;466;444;567
513;496;476;524
544;505;431;493
548;527;398;512
558;543;421;503
567;488;423;528
508;512;450;508
516;527;424;480
545;542;387;506
544;567;408;504
570;520;411;533
531;522;438;512
519;551;412;463
532;566;377;496
539;602;402;512
578;555;411;515
522;535;420;512
499;560;419;474
535;559;372;500
529;583;409;513
558;533;409;526
534;510;433;537
498;549;459;486
530;553;403;489
542;594;421;511
574;559;425;526
550;524;439;555
505;559;472;516
542;569;428;519
552;597;428;549
567;564;454;567
565;508;453;594
508;547;479;525
542;549;433;520
556;580;415;526
560;575;450;536
555;516;452;572
505;539;475;527
524;551;450;506
535;575;434;533
533;574;465;527
549;515;464;568
498;524;504;546
492;540;483;525
520;556;442;547
506;572;475;557
529;520;484;575
479;524;511;535
467;544;499;497
504;554;444;526
511;583;469;525
546;531;478;552
501;507;497;546
497;534;492;501
515;525;431;533
505;564;454;536
531;528;469;544
477;504;497;545
425;537;505;501
444;548;447;509
404;597;464;520
398;563;486;533
372;526;499;531
320;566;512;479
330;582;452;482
337;608;455;505
357;579;484;508
329;522;479;544
279;541;507;502
309;536;475;506
310;559;456;521
316;563;484;510
332;501;482;534
273;529;516;494
287;547;474;479
288;553;444;499
301;557;477;495
326;498;475;535
302;522;519;500
314;533;500;484
334;551;448;502
347;580;481;509
383;517;482;549
347;507;514;531
338;526;506;492
378;530;455;521
390;550;488;529
421;502;487;552
393;501;506;540
372;527;515;489
398;525;466;513
412;563;488;510
452;526;484;521
432;495;500;536
402;525;513;488
452;541;471;492
470;560;484;497
483;533;496;517
472;494;504;530
425;521;536;487
452;526;485;503
444;540;469;525
460;532;503;527
456;474;506;547
408;488;541;512
415;484;490;496
433;524;471;517
456;519;502;509
457;477;515;536
406;500;538;500
420;512;524;471
443;533;460;502
452;546;487;487
476;487;498;522
429;510;537;495
437;510;524;463
473;525;459;495
488;561;486;506
528;514;480;525
472;505;483;526
461;530;474;479
484;543;397;494
498;573;407;502
525;510;412;526
500;495;425;514
472;533;421;457
502;551;358;487
495;586;362;510
522;549;369;517
506;511;377;537
470;550;391;491
495;541;338;503
489;561;327;521
519;535;350;519
496;481;355;529
455;518;388;492
493;499;339;488
494;544;329;502
524;541;364;513
531;474;371;540
484;502;407;500
494;509;376;480
512;538;349;479
514;550;377;478
534;498;385;495
492;501;426;460
500;504;390;457
513;527;353;485
517;543;412;493
536;477;430;519
491;493;473;496
490;510;467;461
510;527;430;497
510;552;474;505
545;491;475;535
504;487;492;517
493;518;495;477
523;520;431;490
524;533;451;485
556;500;463;503
519;473;465;489
497;508;482;458
519;507;429;487
518;537;449;512
555;504;469;528
533;473;473;544
490;511;514;510
507;519;471;533
510;564;475;550
538;545;505;552
534;497;514;549
485;541;547;499
514;525;491;501
535;546;479;499
527;540;514;494
538;480;511;514
486;521;548;467
500;538;513;446
508;549;481;469
523;526;507;475
543;462;503;506
491;487;537;470
501;487;514;439
530;493;482;460
536;506;534;468
562;455;541;496
516;451;547;466
511;466;545;428
529;477;499;462
528;511;525;469
569;463;534;498
533;450;552;501
507;483;564;462
524;483;499;479
521;530;525;485
548;497;531;495
520;484;541;487
491;510;555;444
527;510;504;463
530;532;532;467
549;499;549;479
549;459;554;482
511;491;586;431
532;486;532;449
535;519;533;463
566;514;551;469
558;459;543;500
487;483;580;429
522;503;543;441
537;534;525;475
537;539;546;479
550;472;548;509
510;503;583;456
520;512;537;442
535;518;502;470
551;533;537;457
566;486;531;488
508;502;552;465
483;502;544;429
507;515;523;473
509;536;543;483
544;474;550;506
505;471;576;493
480;500;566;452
490;516;515;481
493;550;537;497
523;503;547;508
491;487;569;508
463;513;586;475
490;509;536;508
501;533;557;510
525;493;555;532
502;465;564;540
468;505;580;486
496;509;518;511
507;533;530;518
519;518;554;523
507;476;554;545
458;515;579;490
488;529;526;491
491;552;532;507
510;545;557;514
532;492;545;533
500;512;585;500
546;525;540;482
544;558;513;511
564;547;544;507
584;486;530;541
533;500;562;498
545;504;538;474
553;524;512;501
543;533;530;507
546;477;529;530
487;499;549;505
486;531;530;474
492;544;489;500
486;555;513;516
510;496;517;545
470;482;540;539
462;505;529;495
495;507;478;507
501;545;496;517
530;508;501;526
491;489;521;522
471;517;531;473
497;520;482;505
507;551;504;500
546;523;520;508
521;482;524;508
489;524;545;462
506;528;487;506
509;565;496;518
536;559;521;510
536;514;531;532
503;539;562;478
518;536;522;492
521;550;508;508
540;546;530;505
554;476;544;545
507;505;555;505
517;508;479;486
529;527;454;509
555;529;493;508
568;463;495;545
508;469;538;514
531;488;514;481
538;508;479;507
544;532;518;512
563;476;518;548
516;481;544;513
516;513;537;478
544;520;475;518
541;536;497;524
569;490;500;548
529;477;541;531
499;503;533;483
523;499;473;508
526;544;508;510
566;504;514;535
539;483;529;529
495;515;553;494
530;503;490;521
533;541;497;520
560;522;513;532
544;475;521;549
505;517;544;494
528;536;488;512
532;550;491;514
555;545;516;518
566;500;533;548
516;532;563;501
542;544;508;497
554;569;490;521
566;559;519;521
572;487;530;551
521;511;569;515
548;524;528;506
548;530;505;526
554;527;539;519
582;475;538;546
541;484;558;496
541;501;537;477
543;516;496;502
556;536;513;498
576;495;528;531
523;491;548;507
517;515;525;475
548;513;481;504
563;546;509;509
587;507;522;541
512;492;547;528
497;517;551;479
529;524;487;495
535;545;503;493
577;505;505;516
543;473;528;520
502;501;541;462
523;499;492;472
523;523;497;499
556;508;521;510
539;475;530;528
504;509;544;470
519;480;487;476
530;506;490;496
570;508;493;505
563;466;505;521
503;510;539;491
